"Status","Start Time","Stop Time","Duration in ms","Parent Suite","Suite","Sub Suite","Test Class","Test Method","Name","Description"
"passed","Tue Aug 25 12:14:10 CST 2020","Tue Aug 25 12:14:10 CST 2020","2","","test_calculator","TestCalculator","","","test_add[带零]",""
"passed","Tue Aug 25 12:14:10 CST 2020","Tue Aug 25 12:14:10 CST 2020","3","","test_calculator","TestCalculator","","","test_add[负数]",""
"passed","Tue Aug 25 12:14:13 CST 2020","Tue Aug 25 12:14:13 CST 2020","5","","test_calculator","TestCalculator","","","test_mul[负数]",""
"passed","Tue Aug 25 12:14:12 CST 2020","Tue Aug 25 12:14:12 CST 2020","2","","test_calculator","TestCalculator","","","test_sub[冒烟测试]",""
"passed","Tue Aug 25 12:14:13 CST 2020","Tue Aug 25 12:14:13 CST 2020","18","","test_calculator","TestCalculator","","","test_mul[小数]",""
"passed","Tue Aug 25 12:14:10 CST 2020","Tue Aug 25 12:14:10 CST 2020","4","","test_calculator","TestCalculator","","","test_add[小数]",""
"passed","Tue Aug 25 12:14:10 CST 2020","Tue Aug 25 12:14:10 CST 2020","10","","test_calculator","TestCalculator","","","test_add[位数极限]",""
"passed","Tue Aug 25 12:14:10 CST 2020","Tue Aug 25 12:14:10 CST 2020","2","","test_calculator","TestCalculator","","","test_add[冒烟测试]",""
"failed","Tue Aug 25 12:14:10 CST 2020","Tue Aug 25 12:14:10 CST 2020","3","","test_calculator","TestCalculator","","","test_add[无效用例]",""
"broken","Tue Aug 25 12:14:12 CST 2020","Tue Aug 25 12:14:12 CST 2020","2","","test_calculator","TestCalculator","","","test_div[无效用例]",""
"passed","Tue Aug 25 12:14:13 CST 2020","Tue Aug 25 12:14:13 CST 2020","8","","test_calculator","TestCalculator","","","test_mul[冒烟测试]",""
"passed","Tue Aug 25 12:14:11 CST 2020","Tue Aug 25 12:14:11 CST 2020","2","","test_calculator","TestCalculator","","","test_div[小数]",""
"passed","Tue Aug 25 12:14:13 CST 2020","Tue Aug 25 12:14:13 CST 2020","2","","test_calculator","TestCalculator","","","test_mul[多位数]",""
"passed","Tue Aug 25 12:14:10 CST 2020","Tue Aug 25 12:14:10 CST 2020","4","","test_calculator","TestCalculator","","","test_div[冒烟测试]",""
"passed","Tue Aug 25 12:14:12 CST 2020","Tue Aug 25 12:14:12 CST 2020","1","","test_calculator","TestCalculator","","","test_sub[多位数]",""
"failed","Tue Aug 25 12:14:12 CST 2020","Tue Aug 25 12:14:13 CST 2020","21","","test_calculator","TestCalculator","","","test_sub[无效用例]",""
"failed","Tue Aug 25 12:14:13 CST 2020","Tue Aug 25 12:14:13 CST 2020","2","","test_calculator","TestCalculator","","","test_mul[无效用例]",""
"passed","Tue Aug 25 12:14:12 CST 2020","Tue Aug 25 12:14:12 CST 2020","18","","test_calculator","TestCalculator","","","test_sub[负数]",""
"passed","Tue Aug 25 12:14:11 CST 2020","Tue Aug 25 12:14:11 CST 2020","14","","test_calculator","TestCalculator","","","test_div[带零]",""
"passed","Tue Aug 25 12:14:10 CST 2020","Tue Aug 25 12:14:10 CST 2020","4","","test_calculator","TestCalculator","","","test_add[多位数]",""
"passed","Tue Aug 25 12:14:11 CST 2020","Tue Aug 25 12:14:11 CST 2020","16","","test_calculator","TestCalculator","","","test_div[正负数]",""
"passed","Tue Aug 25 12:14:11 CST 2020","Tue Aug 25 12:14:11 CST 2020","1","","test_calculator","TestCalculator","","","test_div[多位数]",""
"passed","Tue Aug 25 12:14:11 CST 2020","Tue Aug 25 12:14:11 CST 2020","1","","test_calculator","TestCalculator","","","test_div[位数极限]",""
"passed","Tue Aug 25 12:14:12 CST 2020","Tue Aug 25 12:14:12 CST 2020","2","","test_calculator","TestCalculator","","","test_sub[小数]",""
"passed","Tue Aug 25 12:14:10 CST 2020","Tue Aug 25 12:14:10 CST 2020","2","","test_calculator","TestCalculator","","","test_add[正负数]",""
"passed","Tue Aug 25 12:14:11 CST 2020","Tue Aug 25 12:14:11 CST 2020","4","","test_calculator","TestCalculator","","","test_div[负数]",""
